X,Y,FFMC,DMC,DC,ISI,temp,RH,wind,area,day_sin,day_cos,month_sin,month_cos
3,4,1.9459101490553132,134.7,3.808882246508633,7.2,18.5,3.4339872044851463,2.7,0.0,0.43388373911755823,-0.900968867902419,-1.0,-1.8369701987210297e-16
7,4,1.887069649032381,108.4,4.59107126160859,6.2,19.3,3.8066624897703196,2.2,0.0,0.7818314824680298,0.6234898018587336,-1.0,-1.8369701987210297e-16
1,4,2.0794415416798357,96.9,5.473949935191195,8.9,14.2,3.9889840465642745,1.8,1.5040773967762742,-0.7818314824680299,0.6234898018587334,-0.8660254037844384,-0.5000000000000004
7,4,2.0281482472922865,35.4,5.2652775124698366,6.7,18.0,3.5263605246161616,0.9,0.0,0.9749279121818236,-0.22252093395631434,-0.866025403784439,0.49999999999999933
8,6,1.5040773967762742,231.1,4.993828175779875,8.4,18.9,4.174387269895637,4.9,0.0,-0.7818314824680299,0.6234898018587334,-0.8660254037844384,-0.5000000000000004
4,3,1.6677068205580756,137.0,5.051137237405586,9.2,27.7,3.2188758248682006,2.2,0.0,0.9749279121818236,-0.22252093395631434,-1.0,-1.8369701987210297e-16
2,2,1.2237754316221174,108.3,5.372960909543803,17.0,24.6,3.1354942159291497,4.5,2.3988039507345884,0.9749279121818236,-0.22252093395631434,-0.8660254037844384,-0.5000000000000004
4,6,2.3978952727983707,23.9,6.681983276314235,4.1,14.0,3.6888794541139363,3.1,0.0,0.7818314824680298,0.6234898018587336,1.0,6.123233995736766e-17
1,2,1.97408102602201,163.2,4.772378104971998,10.1,26.7,3.58351893845611,1.8,1.916922612182061,0.9749279121818236,-0.22252093395631434,-0.8660254037844384,-0.5000000000000004
6,5,3.5467396869528134,70.8,5.28472541302857,0.8,17.0,4.290459441148391,6.7,0.0,-0.9749279121818236,-0.2225209339563146,-0.8660254037844384,-0.5000000000000004
6,5,1.987874348154345,18.9,6.723832440821209,8.0,8.7,3.9512437185814275,5.8,0.0,0.9749279121818236,-0.22252093395631434,1.0,6.123233995736766e-17
1,2,1.808288771179267,111.2,5.339939041238856,9.6,16.6,3.8712010109078907,0.9,0.0,0.43388373911755823,-0.900968867902419,-0.8660254037844384,-0.5000000000000004
6,3,1.887069649032381,108.4,4.59107126160859,6.2,23.0,3.5553480614894135,2.2,4.04375277610604,0.7818314824680298,0.6234898018587336,-1.0,-1.8369701987210297e-16
6,3,1.9021075263969207,130.1,4.0163830207523885,7.5,20.6,3.6375861597263857,1.8,0.0,0.7818314824680298,0.6234898018587336,-1.0,-1.8369701987210297e-16
6,3,2.3223877202902257,17.2,6.708206176521556,3.8,15.2,3.9512437185814275,2.7,0.0,0.43388373911755823,-0.900968867902419,0.8660254037844387,-0.4999999999999998
4,4,1.987874348154345,126.5,5.171052015502161,7.0,17.7,3.6888794541139363,2.2,1.4036429994545037,0.7818314824680298,0.6234898018587336,-1.0,-1.8369701987210297e-16
1,4,1.97408102602201,276.3,3.624340932976365,7.1,14.5,4.343805421853684,7.6,1.5496879080283263,-2.4492935982947064e-16,1.0,-1.0,-1.8369701987210297e-16
1,2,2.091864061678394,108.0,5.807541708947054,12.5,14.7,4.204692619390966,2.7,0.0,-0.9749279121818236,-0.2225209339563146,-0.8660254037844384,-0.5000000000000004
6,5,2.587764035227708,18.2,6.694066886438683,3.0,5.3,4.2626798770413155,4.5,1.144222799920162,0.9749279121818236,-0.22252093395631434,1.0,6.123233995736766e-17
5,4,1.808288771179267,99.0,4.76473475565943,9.6,10.1,4.330733340286331,3.6,0.0,-0.9749279121818236,-0.2225209339563146,-1.0,-1.8369701987210297e-16
4,4,1.808288771179267,99.0,4.76473475565943,9.6,20.8,3.58351893845611,4.9,2.6433338863825186,-0.9749279121818236,-0.2225209339563146,-1.0,-1.8369701987210297e-16
8,6,1.7749523509116747,88.9,5.905361848054571,8.5,24.1,3.332204510175204,3.1,0.0,0.7818314824680298,0.6234898018587336,-0.8660254037844384,-0.5000000000000004
4,4,1.9459101490553132,124.4,4.209160236650683,8.5,17.1,3.7376696182833684,2.2,2.503073953743449,-0.7818314824680299,0.6234898018587334,-1.0,-1.8369701987210297e-16
2,2,1.9600947840472709,103.2,5.410752795877825,5.8,23.1,3.4657359027997265,3.1,0.0,0.7818314824680298,0.6234898018587336,-0.8660254037844384,-0.5000000000000004
2,4,1.97408102602201,166.9,4.700480365792417,7.1,25.9,3.7376696182833684,3.6,0.0,-0.9749279121818236,-0.2225209339563146,-0.8660254037844384,-0.5000000000000004
7,5,1.97408102602201,129.5,5.135798437050262,7.0,20.7,3.6375861597263857,2.2,2.9014215940827497,0.9749279121818236,-0.22252093395631434,-1.0,-1.8369701987210297e-16
1,4,1.740466174840505,122.0,4.289088639014612,10.2,21.1,3.6888794541139363,2.2,2.21046980408624,-0.9749279121818236,-0.2225209339563146,-1.0,-1.8369701987210297e-16
1,5,1.5686159179138446,145.4,4.950177325059142,8.1,29.6,3.332204510175204,2.7,0.9001613499442714,-0.7818314824680299,0.6234898018587334,-1.0,-1.8369701987210297e-16
3,4,1.97408102602201,129.5,5.135798437050262,7.0,13.9,4.0943445622221,6.3,2.50470927708418,0.9749279121818236,-0.22252093395631434,-1.0,-1.8369701987210297e-16
2,4,1.887069649032381,108.4,4.59107126160859,6.2,20.4,3.7376696182833684,1.8,0.9042181506398859,0.7818314824680298,0.6234898018587336,-1.0,-1.8369701987210297e-16
7,4,1.9021075263969207,238.2,4.882801922586371,7.5,17.7,4.189654742026425,4.0,0.0,0.7818314824680298,0.6234898018587336,-0.8660254037844384,-0.5000000000000004
7,4,1.97408102602201,276.3,3.624340932976365,7.1,13.8,4.356708826689592,7.6,2.4898941912990393,-2.4492935982947064e-16,1.0,-1.0,-1.8369701987210297e-16
7,4,2.1400661634962708,287.2,2.587764035227713,6.8,19.4,3.828641396489095,3.6,0.0,0.9749279121818236,-0.22252093395631434,-1.0,-1.8369701987210297e-16
4,3,1.791759469228055,102.3,4.7104306966455844,8.4,23.5,3.332204510175204,4.0,1.4655675420143985,-0.7818314824680299,0.6234898018587334,-1.0,-1.8369701987210297e-16
2,5,1.5040773967762742,231.1,4.993828175779875,8.4,18.9,4.174387269895637,4.9,0.0,-0.7818314824680299,0.6234898018587334,-0.8660254037844384,-0.5000000000000004
8,6,1.5040773967762742,231.1,4.993828175779875,8.4,26.9,3.4657359027997265,3.6,1.7850704810772584,-0.7818314824680299,0.6234898018587334,-0.8660254037844384,-0.5000000000000004
4,5,2.6026896854443837,8.2,6.694066886438683,2.9,14.2,3.8501476017100584,4.0,0.0,-0.7818314824680299,0.6234898018587334,0.8660254037844386,0.5000000000000001
2,4,1.8245492920510462,203.2,5.288771953704505,8.1,24.9,3.7612001156935624,5.4,1.235471471385307,-2.4492935982947064e-16,1.0,-0.8660254037844384,-0.5000000000000004
8,6,2.6532419646072154,27.8,6.230481447578482,5.3,5.1,4.127134385045092,8.0,2.5006159434931803,0.43388373911755823,-0.900968867902419,-2.4492935982947064e-16,1.0
6,3,2.2617630984737915,91.8,5.028475212224587,7.1,11.2,4.3694478524670215,7.6,0.0,0.7818314824680298,0.6234898018587336,-1.0,-1.8369701987210297e-16
4,5,2.5095992623783716,19.5,6.6912148788015,2.8,12.7,3.970291913552122,6.3,0.0,-0.9749279121818236,-0.2225209339563146,1.0,6.123233995736766e-17
2,4,1.0986122886681096,217.7,5.150976778649328,18.0,30.8,2.995732273553991,4.5,0.0,0.43388373911755823,-0.900968867902419,-0.8660254037844384,-0.5000000000000004
4,3,2.151762203259463,25.4,6.670639570101044,5.7,18.0,3.713572066704308,4.0,3.675794214565281,-0.9749279121818236,-0.2225209339563146,0.5000000000000003,-0.8660254037844385
4,4,1.7578579175523732,96.2,4.81380905109942,8.6,19.2,3.2188758248682006,4.9,1.5644405465033646,0.9749279121818236,-0.22252093395631434,-1.0,-1.8369701987210297e-16
4,4,0.7419373447293813,181.1,5.254365479018854,14.3,20.7,4.248495242049359,4.9,0.0,0.9749279121818236,-0.22252093395631434,-0.8660254037844384,-0.5000000000000004
1,2,0.9932517730102844,99.9,5.855931151812786,13.2,23.3,3.4657359027997265,4.5,0.4382549309311553,0.43388373911755823,-0.900968867902419,-0.8660254037844384,-0.5000000000000004
1,4,1.9021075263969207,130.1,4.0163830207523885,7.5,21.3,3.58351893845611,2.2,3.3738261848660236,0.7818314824680298,0.6234898018587336,-1.0,-1.8369701987210297e-16
2,5,1.0986122886681096,131.7,5.648269764725942,10.4,24.2,3.367295829986474,2.7,2.2700619012884857,0.9749279121818236,-0.22252093395631434,-0.8660254037844384,-0.5000000000000004
8,8,1.8718021769015913,191.4,5.423627557513483,7.8,26.2,3.6109179126442243,4.5,5.229824370102736,0.43388373911755823,-0.900968867902419,-0.8660254037844384,-0.5000000000000004
3,4,2.1400661634962708,90.0,5.063860055333554,4.8,22.8,3.6888794541139363,3.6,0.0,-2.4492935982947064e-16,1.0,-1.0,-1.8369701987210297e-16
6,5,1.8405496333974867,111.7,4.525044141508808,6.5,21.1,3.58351893845611,2.7,1.8946168546677629,0.9749279121818236,-0.22252093395631434,-1.0,-1.8369701987210297e-16
4,5,1.7578579175523732,96.2,4.81380905109942,8.6,18.6,3.2188758248682006,5.8,0.0,0.9749279121818236,-0.22252093395631434,-1.0,-1.8369701987210297e-16
3,4,2.0794415416798357,18.5,6.711131937477322,7.3,11.2,3.7376696182833684,5.4,1.8794650496471605,0.43388373911755823,-0.900968867902419,1.0,6.123233995736766e-17
4,6,2.6246685921631587,27.2,6.232644460908291,6.8,4.8,4.060443010546419,8.5,2.300583090323373,-2.4492935982947064e-16,1.0,-2.4492935982947064e-16,1.0
7,5,1.740466174840505,88.0,5.099866427824199,7.1,17.8,3.9512437185814275,7.2,0.0,-0.7818314824680299,0.6234898018587334,-1.0,-1.8369701987210297e-16
1,5,1.97408102602201,129.5,5.135798437050262,7.0,21.6,3.5263605246161616,2.2,2.528125768907977,0.9749279121818236,-0.22252093395631434,-1.0,-1.8369701987210297e-16
7,4,1.2237754316221174,227.0,5.049214776063731,12.0,23.3,3.5553480614894135,3.1,0.0,-0.9749279121818236,-0.2225209339563146,-0.8660254037844384,-0.5000000000000004
2,5,1.458615022699516,169.7,6.1110237821656215,12.3,23.4,3.713572066704308,6.3,0.0,-2.4492935982947064e-16,1.0,1.2246467991473532e-16,-1.0
4,4,1.7578579175523732,124.1,5.203457085524076,8.5,16.9,4.110873864173311,1.3,3.4170707308184456,-2.4492935982947064e-16,1.0,-1.0,-1.8369701987210297e-16
8,6,1.0986122886681096,217.7,5.150976778649328,18.0,28.2,3.4011973816621555,1.8,1.925707441737794,0.43388373911755823,-0.900968867902419,-0.8660254037844384,-0.5000000000000004
4,5,2.5802168295923256,9.0,6.69171146478315,3.5,10.1,4.143134726391533,1.8,3.966132331075178,-2.4492935982947064e-16,1.0,0.8660254037844386,0.5000000000000001
3,4,1.8562979903656271,170.9,5.137561587668643,13.7,20.6,4.0943445622221,0.9,0.0,-0.7818314824680299,0.6234898018587334,-0.8660254037844384,-0.5000000000000004
1,3,1.9600947840472709,91.3,4.824305715904762,7.2,19.1,3.8501476017100584,2.2,0.2851789422336624,-0.9749279121818236,-0.2225209339563146,-1.0,-1.8369701987210297e-16
7,4,1.8562979903656271,175.1,5.0869788606835895,13.8,21.9,4.304065093204169,7.6,0.0,-2.4492935982947064e-16,1.0,-0.8660254037844384,-0.5000000000000004
4,6,3.4011973816621555,21.5,6.653379025236829,0.8,15.4,3.713572066704308,2.7,0.0,-0.7818314824680299,0.6234898018587334,0.8660254037844386,0.5000000000000001
6,5,0.7419373447293813,181.1,5.254365479018854,14.3,33.3,3.295836866004329,2.7,3.7266568184479665,0.9749279121818236,-0.22252093395631434,-0.8660254037844384,-0.5000000000000004
4,3,1.8718021769015913,114.3,5.304796332645746,6.3,17.6,3.828641396489095,3.6,0.0,0.9749279121818236,-0.22252093395631434,-0.8660254037844384,-0.5000000000000004
7,4,1.9169226121820606,142.4,5.565286397402276,10.6,16.3,4.110873864173311,5.4,0.0,-2.4492935982947064e-16,1.0,-0.8660254037844384,-0.5000000000000004
2,5,1.722766597741105,46.5,5.14049328135447,8.8,15.4,3.58351893845611,0.9,0.0,-2.4492935982947064e-16,1.0,-0.866025403784439,0.49999999999999933
6,5,2.5494451709255714,25.4,6.240080894395223,2.6,5.1,3.2188758248682006,8.5,3.2492110246642736,0.9749279121818236,-0.22252093395631434,-2.4492935982947064e-16,1.0
6,5,1.9459101490553132,94.3,4.772378104971998,8.4,16.8,3.8712010109078907,4.9,2.613006652415316,-0.7818314824680299,0.6234898018587334,-1.0,-1.8369701987210297e-16
4,4,2.0281482472922865,43.7,5.168777995193052,6.7,18.4,3.258096538021482,3.1,3.2280337626529665,-0.7818314824680299,0.6234898018587334,-0.866025403784439,0.49999999999999933
7,4,2.091864061678394,39.7,6.654152520183219,6.2,16.1,3.4011973816621555,3.1,1.0116009116784799,0.7818314824680298,0.6234898018587336,1.0,6.123233995736766e-17
7,4,1.7578579175523732,117.9,5.270946169751904,12.2,19.0,3.5553480614894135,5.8,0.0,-0.9749279121818236,-0.2225209339563146,-1.0,-1.8369701987210297e-16
2,5,0.9932517730102844,99.9,5.855931151812786,13.2,23.8,3.4965075614664802,5.4,0.5709795465857378,0.43388373911755823,-0.900968867902419,-0.8660254037844384,-0.5000000000000004
4,3,1.5475625087160134,85.3,6.147613229597914,9.9,27.2,3.367295829986474,1.3,1.0152306797290587,0.9749279121818236,-0.22252093395631434,1.2246467991473532e-16,-1.0
4,4,1.3609765531356022,167.6,5.182906515036709,13.0,21.8,3.9889840465642745,3.1,2.020222182019865,-0.9749279121818236,-0.2225209339563146,-0.8660254037844384,-0.5000000000000004
2,5,2.091864061678394,82.9,4.843399374720342,6.2,18.3,3.828641396489095,2.2,1.7715567619105355,0.43388373911755823,-0.900968867902419,-1.0,-1.8369701987210297e-16
2,4,1.887069649032381,181.3,5.519859636495273,7.6,20.9,3.9318256327243257,2.2,2.833213344056216,-2.4492935982947064e-16,1.0,-0.8660254037844384,-0.5000000000000004
7,4,1.9169226121820606,142.4,5.565286397402276,10.6,20.1,3.6888794541139363,5.4,1.3190856114264407,-2.4492935982947064e-16,1.0,-0.8660254037844384,-0.5000000000000004
2,2,1.2237754316221174,108.3,5.372960909543803,17.0,24.6,3.1354942159291497,4.5,2.2731562823032334,0.9749279121818236,-0.22252093395631434,-0.8660254037844384,-0.5000000000000004
6,4,2.0014800002101247,41.9,6.650537747334176,7.9,13.3,3.7612001156935624,0.9,2.128231705849268,-0.7818314824680299,0.6234898018587334,1.0,6.123233995736766e-17
6,5,2.091864061678394,39.7,6.654152520183219,6.2,15.2,3.332204510175204,3.1,3.492256112609122,0.7818314824680298,0.6234898018587336,1.0,6.123233995736766e-17
7,4,1.808288771179267,99.0,4.76473475565943,9.6,20.6,3.784189633918261,3.6,1.1085626195212777,-0.9749279121818236,-0.2225209339563146,-1.0,-1.8369701987210297e-16
4,4,2.5494451709255714,25.4,6.240080894395223,2.6,4.6,3.091042453358316,8.5,2.93651291389402,0.7818314824680298,0.6234898018587336,-2.4492935982947064e-16,1.0
4,4,1.1314021114911033,141.3,5.548297571815806,17.7,28.7,3.5263605246161616,4.0,0.0,0.43388373911755823,-0.900968867902419,-0.8660254037844384,-0.5000000000000004
6,5,1.7578579175523732,117.9,5.270946169751904,12.2,19.6,3.5263605246161616,6.3,3.007166651179654,-0.9749279121818236,-0.2225209339563146,-1.0,-1.8369701987210297e-16
6,5,1.5686159179138446,17.3,6.726593049908029,9.9,13.8,3.2188758248682006,5.8,0.0,0.43388373911755823,-0.900968867902419,1.0,6.123233995736766e-17
5,5,1.4350845252893234,47.9,6.635815313478964,10.7,17.3,4.394449154672439,4.5,0.0,-2.4492935982947064e-16,1.0,-0.8660254037844384,-0.5000000000000004
9,9,1.2237754316221174,227.0,5.049214776063731,12.0,25.0,3.6109179126442243,4.0,0.0,-0.9749279121818236,-0.2225209339563146,-0.8660254037844384,-0.5000000000000004
4,5,1.9600947840472709,132.3,3.9219733362813143,12.5,16.4,3.332204510175204,3.6,0.0,0.9749279121818236,-0.22252093395631434,-1.0,-1.8369701987210297e-16
1,2,1.6677068205580756,137.0,5.051137237405586,9.2,25.4,3.332204510175204,2.2,0.0,0.9749279121818236,-0.22252093395631434,-1.0,-1.8369701987210297e-16
4,4,1.808288771179267,99.0,4.76473475565943,9.6,20.8,3.58351893845611,4.9,0.8153648132841945,-0.9749279121818236,-0.2225209339563146,-1.0,-1.8369701987210297e-16
6,5,2.091864061678394,37.6,6.657882667925903,7.2,12.4,4.007333185232471,3.6,2.5726122302071057,-2.4492935982947064e-16,1.0,1.0,6.123233995736766e-17
3,4,1.9021075263969207,145.4,5.538907831465967,10.7,17.1,3.784189633918261,5.4,0.0,0.7818314824680298,0.6234898018587336,-0.8660254037844384,-0.5000000000000004
3,4,2.3125354238472147,25.7,6.678342114654332,3.8,15.8,3.332204510175204,7.6,0.0,0.9749279121818236,-0.22252093395631434,1.0,6.123233995736766e-17
2,2,2.2925347571405448,150.3,6.314815358839217,6.8,13.4,4.382026634673881,3.6,3.6381123370602833,-0.9749279121818236,-0.2225209339563146,1.2246467991473532e-16,-1.0
6,5,2.054123733695546,93.3,6.335940383589716,7.5,20.7,3.258096538021482,4.9,0.0,0.7818314824680298,0.6234898018587336,0.5000000000000003,-0.8660254037844385
1,2,1.5475625087160134,149.3,4.897839799950911,8.1,25.3,3.6109179126442243,3.6,0.0,-2.4492935982947064e-16,1.0,-1.0,-1.8369701987210297e-16
6,3,1.7578579175523732,105.8,4.6491870714048655,9.9,24.8,3.367295829986474,1.8,2.727199019940971,-2.4492935982947064e-16,1.0,-1.0,-1.8369701987210297e-16
7,4,2.0794415416798357,110.9,5.784440377673656,6.2,19.5,3.784189633918261,5.8,0.0,-0.7818314824680299,0.6234898018587334,-0.8660254037844384,-0.5000000000000004
5,4,1.808288771179267,99.0,4.76473475565943,9.6,10.1,4.330733340286331,3.6,1.5496879080283263,-0.9749279121818236,-0.2225209339563146,-1.0,-1.8369701987210297e-16
6,5,2.33214389523559,24.9,6.710523109452428,3.7,10.9,4.174387269895637,3.1,1.4701758451005928,0.7818314824680298,0.6234898018587336,0.8660254037844387,-0.4999999999999998
1,4,2.151762203259463,84.1,4.999237249143887,5.7,19.0,3.970291913552122,2.2,0.0,-2.4492935982947064e-16,1.0,-1.0,-1.8369701987210297e-16
6,3,1.3609765531356022,85.1,5.137561587668643,15.9,25.4,3.2188758248682006,3.6,0.0,-0.9749279121818236,-0.2225209339563146,-1.0,-1.8369701987210297e-16
8,6,1.9600947840472709,103.2,5.410752795877825,5.8,23.4,3.1354942159291497,2.7,0.0,0.7818314824680298,0.6234898018587336,-0.8660254037844384,-0.5000000000000004
7,4,2.1400661634962708,284.9,2.9231615807191567,10.1,10.5,4.356708826689592,4.0,0.0,0.43388373911755823,-0.900968867902419,-1.0,-1.8369701987210297e-16
6,5,1.8718021769015913,35.8,6.661598953358855,7.8,17.4,3.258096538021482,4.9,0.0,-0.7818314824680299,0.6234898018587334,1.0,6.123233995736766e-17
6,4,3.1398326175277482,4.4,6.740992061104035,1.9,5.1,4.356708826689592,5.4,1.144222799920162,0.9749279121818236,-0.22252093395631434,0.8660254037844386,0.5000000000000001
4,3,1.3083328196501796,139.4,5.156177599386914,20.0,28.9,3.4011973816621555,4.9,3.923753928303845,0.43388373911755823,-0.900968867902419,-0.8660254037844384,-0.5000000000000004
9,5,1.5892352051165821,49.5,6.336648724331217,14.0,28.0,3.5553480614894135,4.5,2.214846178686039,0.43388373911755823,-0.900968867902419,0.5000000000000003,-0.8660254037844385
4,3,2.0794415416798357,99.6,5.444147814759576,6.3,21.5,3.5553480614894135,2.2,0.0,-2.4492935982947064e-16,1.0,-0.8660254037844384,-0.5000000000000004
8,6,1.97408102602201,129.5,5.135798437050262,7.0,13.1,4.1588830833596715,5.4,0.0,0.9749279121818236,-0.22252093395631434,-1.0,-1.8369701987210297e-16
5,4,1.8562979903656271,78.5,4.929425238670713,9.2,19.1,3.6635616461296463,2.7,0.0,0.7818314824680298,0.6234898018587336,-1.0,-1.8369701987210297e-16
7,5,2.7911651078127164,3.0,6.750750530171972,3.5,13.4,4.330733340286331,1.8,0.0,-2.4492935982947064e-16,1.0,0.8660254037844387,-0.4999999999999998
1,2,1.97408102602201,166.9,4.700480365792417,7.1,25.9,3.7376696182833684,3.6,0.0,-0.9749279121818236,-0.2225209339563146,-0.8660254037844384,-0.5000000000000004
8,6,2.1747517214841605,253.6,4.545420181582318,9.7,14.2,4.304065093204169,2.7,0.0,-0.7818314824680299,0.6234898018587334,-0.8660254037844384,-0.5000000000000004
2,5,1.5040773967762742,121.7,6.239105570022579,18.0,22.7,3.713572066704308,9.4,1.4327007339340463,0.9749279121818236,-0.22252093395631434,0.5000000000000003,-0.8660254037844385
5,4,1.791759469228055,102.3,4.7104306966455844,8.4,24.1,3.332204510175204,3.1,0.0,-0.7818314824680299,0.6234898018587334,-1.0,-1.8369701987210297e-16
3,4,1.808288771179267,152.6,5.320078858329549,14.3,21.0,3.4965075614664802,3.1,0.0,0.9749279121818236,-0.22252093395631434,-0.8660254037844384,-0.5000000000000004
4,6,1.5475625087160134,149.3,4.897839799950911,8.1,28.3,3.295836866004329,3.1,4.175924549214524,-2.4492935982947064e-16,1.0,-1.0,-1.8369701987210297e-16
3,4,0.7419373447293813,181.1,5.254365479018854,14.3,32.3,3.332204510175204,2.2,2.7523860149222616,0.9749279121818236,-0.22252093395631434,-0.8660254037844384,-0.5000000000000004
6,6,0.6931471805599453,175.5,5.302309387817575,16.8,23.9,3.7612001156935624,2.2,0.0,0.7818314824680298,0.6234898018587336,-0.8660254037844384,-0.5000000000000004
2,4,1.740466174840505,121.1,5.23750522715128,8.6,24.1,3.4011973816621555,4.5,0.0,-0.7818314824680299,0.6234898018587334,-1.0,-1.8369701987210297e-16
7,5,1.6863989535702297,73.2,5.007965065540377,22.6,19.3,3.6635616461296463,4.0,0.0,-0.7818314824680299,0.6234898018587334,-1.0,-1.8369701987210297e-16
1,3,1.7578579175523732,124.1,5.203457085524076,8.5,23.9,3.4965075614664802,6.7,1.8453002361560848,-2.4492935982947064e-16,1.0,-1.0,-1.8369701987210297e-16
8,6,1.791759469228055,81.8,5.944896911291647,11.9,20.1,3.5553480614894135,4.5,4.08260930600368,-0.7818314824680299,0.6234898018587334,-0.8660254037844384,-0.5000000000000004
8,6,2.533696813957433,90.4,5.53338948872752,6.6,17.4,3.9318256327243257,4.0,1.3056264580524357,0.43388373911755823,-0.900968867902419,-0.8660254037844384,-0.5000000000000004
5,4,1.97408102602201,166.9,4.700480365792417,7.1,21.1,4.276666119016055,7.6,1.1537315878891892,-0.9749279121818236,-0.2225209339563146,-0.8660254037844384,-0.5000000000000004
4,4,2.091864061678394,82.9,4.843399374720342,6.2,12.9,4.31748811353631,4.9,0.0,0.43388373911755823,-0.900968867902419,-1.0,-1.8369701987210297e-16
6,5,1.791759469228055,102.3,4.7104306966455844,8.4,19.7,3.58351893845611,1.8,0.0,-0.7818314824680299,0.6234898018587334,-1.0,-1.8369701987210297e-16
8,6,1.887069649032381,248.4,4.689511334421843,6.3,20.4,4.04305126783455,2.2,0.0,0.9749279121818236,-0.22252093395631434,-0.8660254037844384,-0.5000000000000004
2,2,1.887069649032381,248.4,4.689511334421843,6.3,20.4,4.04305126783455,2.2,0.0,0.9749279121818236,-0.22252093395631434,-0.8660254037844384,-0.5000000000000004
6,3,1.9600947840472709,141.1,5.453182077108952,7.1,19.3,3.6888794541139363,3.6,0.9400072584914712,-0.9749279121818236,-0.2225209339563146,-0.8660254037844384,-0.5000000000000004
3,4,1.3609765531356022,85.1,5.137561587668643,15.9,19.8,3.9318256327243257,5.4,0.0,-0.9749279121818236,-0.2225209339563146,-1.0,-1.8369701987210297e-16
7,6,1.9459101490553132,183.1,6.051853847120766,12.5,12.6,4.51085950651685,7.6,0.0,0.43388373911755823,-0.900968867902419,1.2246467991473532e-16,-1.0
9,9,2.639057329615259,6.8,6.728628613084702,7.7,6.7,4.382026634673881,3.1,0.0,0.9749279121818236,-0.22252093395631434,0.8660254037844386,0.5000000000000001
2,3,1.887069649032381,108.4,4.59107126160859,6.2,18.0,3.9512437185814275,5.4,0.0,0.7818314824680298,0.6234898018587336,-1.0,-1.8369701987210297e-16
6,3,1.740466174840505,122.0,4.289088639014612,10.2,19.7,3.6888794541139363,2.7,0.0,-0.9749279121818236,-0.2225209339563146,-1.0,-1.8369701987210297e-16
3,4,1.9600947840472709,88.2,4.874433672915854,8.3,22.8,3.8501476017100584,4.0,1.7833912195575383,0.9749279121818236,-0.22252093395631434,-1.0,-1.8369701987210297e-16
7,4,2.6602595372658615,8.7,6.72202792905335,2.1,8.8,4.23410650459726,2.2,2.642622395779755,-2.4492935982947064e-16,1.0,0.8660254037844386,0.5000000000000001
2,5,2.0014800002101247,84.7,6.186208623900494,5.6,23.8,3.9512437185814275,1.8,0.0,-0.7818314824680299,0.6234898018587334,1.2246467991473532e-16,-1.0
4,6,2.1860512767380946,51.3,6.633844610614274,9.6,10.6,3.8501476017100584,4.9,0.0,-2.4492935982947064e-16,1.0,1.0,6.123233995736766e-17
7,5,1.740466174840505,88.0,5.099866427824199,7.1,22.8,3.713572066704308,4.0,0.0,-0.7818314824680299,0.6234898018587334,-1.0,-1.8369701987210297e-16
3,5,1.5475625087160134,139.4,5.592478405097527,20.3,17.6,3.970291913552122,5.8,0.0,-0.7818314824680299,0.6234898018587334,-0.8660254037844384,-0.5000000000000004
6,3,2.6461747973841234,7.3,6.696787303598061,2.7,14.7,3.7612001156935624,2.7,0.0,-0.9749279121818236,-0.2225209339563146,0.8660254037844386,0.5000000000000001
4,5,1.6677068205580756,133.3,5.093750200806762,9.2,19.4,2.995732273553991,1.3,3.487986511734546,0.43388373911755823,-0.900968867902419,-1.0,-1.8369701987210297e-16
1,2,1.97408102602201,129.5,5.135798437050262,7.0,18.8,3.713572066704308,2.2,5.365415110080531,0.9749279121818236,-0.22252093395631434,-1.0,-1.8369701987210297e-16
3,5,2.3125354238472147,25.7,6.678342114654332,3.8,14.9,3.6635616461296463,2.7,0.0,0.9749279121818236,-0.22252093395631434,1.0,6.123233995736766e-17
8,6,1.7749523509116747,85.3,5.925858790009988,14.7,20.8,3.4965075614664802,6.3,0.0,-2.4492935982947064e-16,1.0,-0.8660254037844384,-0.5000000000000004
7,6,1.6292405397302818,180.4,6.067962518080707,11.0,26.9,3.367295829986474,5.4,4.471067201464611,0.9749279121818236,-0.22252093395631434,1.2246467991473532e-16,-1.0
6,5,1.8245492920510462,203.2,5.288771953704505,8.1,19.1,4.2626798770413155,2.2,0.0,-2.4492935982947064e-16,1.0,-0.8660254037844384,-0.5000000000000004
3,4,2.151762203259463,84.1,4.999237249143887,5.7,23.8,3.58351893845611,3.6,1.8213182714695995,-2.4492935982947064e-16,1.0,-1.0,-1.8369701987210297e-16
6,5,3.1398326175277482,4.4,6.740992061104035,1.9,4.6,4.418840607796598,6.3,1.8547342683894434,0.9749279121818236,-0.22252093395631434,0.8660254037844386,0.5000000000000001
2,5,1.808288771179267,152.6,5.320078858329549,14.3,20.2,3.8712010109078907,4.0,1.4085449700547104,0.9749279121818236,-0.22252093395631434,-0.8660254037844384,-0.5000000000000004
7,4,1.5040773967762742,101.3,6.084954890195321,14.7,18.2,4.418840607796598,4.5,1.1662709371419244,-2.4492935982947064e-16,1.0,1.2246467991473532e-16,-1.0
8,5,1.6292405397302818,157.3,5.277604324950495,13.5,24.0,3.6109179126442243,3.1,0.2151113796169455,0.43388373911755823,-0.900968867902419,-0.8660254037844384,-0.5000000000000004
7,4,2.0149030205422647,44.0,6.646650221380809,5.5,11.5,4.110873864173311,4.0,2.2235418856535927,-2.4492935982947064e-16,1.0,1.0,6.123233995736766e-17
8,3,1.5040773967762742,80.9,5.178407069875479,17.9,23.2,3.295836866004329,4.9,3.1949928844048685,0.9749279121818236,-0.22252093395631434,-1.0,-1.8369701987210297e-16
4,4,1.6677068205580756,137.0,5.051137237405586,9.2,20.8,2.8903717578961645,1.3,0.0,0.9749279121818236,-0.22252093395631434,-1.0,-1.8369701987210297e-16
2,2,1.808288771179267,152.6,5.320078858329549,14.3,21.8,4.04305126783455,3.1,0.41871033485818504,0.9749279121818236,-0.22252093395631434,-0.8660254037844384,-0.5000000000000004
1,3,0.8329091229351028,158.0,5.43372200355424,11.3,27.5,3.4011973816621555,4.5,3.7914360424390283,-0.9749279121818236,-0.2225209339563146,-0.8660254037844384,-0.5000000000000004
1,4,2.0794415416798357,96.9,5.473949935191195,8.9,20.3,3.6888794541139363,4.9,1.7101878155342436,-0.7818314824680299,0.6234898018587334,-0.8660254037844384,-0.5000000000000004
2,4,2.33214389523559,84.8,4.923623917106626,3.7,21.8,3.5553480614894135,2.2,1.951608170169951,0.43388373911755823,-0.900968867902419,-1.0,-1.8369701987210297e-16
4,4,1.5475625087160134,149.3,4.897839799950911,8.1,22.9,3.6888794541139363,4.9,3.902982260775997,-2.4492935982947064e-16,1.0,-1.0,-1.8369701987210297e-16
6,4,1.97408102602201,129.5,5.135798437050262,7.0,18.7,3.784189633918261,2.7,4.648133885420207,0.9749279121818236,-0.22252093395631434,-1.0,-1.8369701987210297e-16
2,2,1.740466174840505,121.1,5.23750522715128,8.6,18.2,3.8501476017100584,1.8,5.307970623576175,-0.7818314824680299,0.6234898018587334,-1.0,-1.8369701987210297e-16
2,2,1.648658625587382,75.3,5.981414211254481,7.7,18.8,3.58351893845611,4.9,0.0,0.9749279121818236,-0.22252093395631434,-0.8660254037844384,-0.5000000000000004
3,4,1.5686159179138446,17.3,6.726593049908029,9.9,8.9,3.58351893845611,8.0,0.0,0.43388373911755823,-0.900968867902419,1.0,6.123233995736766e-17
1,2,2.0794415416798357,99.6,5.444147814759576,6.3,17.9,3.8066624897703196,2.2,0.0,-2.4492935982947064e-16,1.0,-0.8660254037844384,-0.5000000000000004
2,2,1.808288771179267,152.6,5.320078858329549,14.3,23.7,3.2188758248682006,3.1,0.0,0.9749279121818236,-0.22252093395631434,-0.8660254037844384,-0.5000000000000004
5,4,1.8718021769015913,33.3,6.66581109820421,9.0,15.6,3.258096538021482,6.3,0.0,-0.9749279121818236,-0.2225209339563146,1.0,6.123233995736766e-17
7,4,1.8562979903656271,170.9,5.137561587668643,13.7,23.7,3.713572066704308,1.8,0.8671004876833832,-0.7818314824680299,0.6234898018587334,-0.8660254037844384,-0.5000000000000004
6,4,2.476538400117484,27.4,6.640529215097739,5.1,9.3,3.8066624897703196,4.5,0.0,-0.7818314824680299,0.6234898018587334,0.8660254037844387,-0.4999999999999998
8,6,1.8718021769015913,33.3,6.66581109820421,9.0,8.3,4.584967478670572,4.0,0.0,-0.9749279121818236,-0.2225209339563146,1.0,6.123233995736766e-17
8,6,2.0794415416798357,99.6,5.444147814759576,6.3,16.2,4.0943445622221,3.1,3.4986265269937014,-2.4492935982947064e-16,1.0,-0.8660254037844384,-0.5000000000000004
6,3,1.887069649032381,138.1,5.484381909620826,6.3,18.9,3.7376696182833684,3.1,2.428336298299606,0.9749279121818236,-0.22252093395631434,-0.8660254037844384,-0.5000000000000004
8,6,1.2237754316221174,222.4,5.099866427824199,13.9,27.5,3.332204510175204,4.9,6.616439947564594,0.9749279121818236,-0.22252093395631434,-0.8660254037844384,-0.5000000000000004
8,6,2.0149030205422647,194.1,5.391807709635375,6.8,21.3,3.7376696182833684,3.6,0.0,0.9749279121818236,-0.22252093395631434,-0.8660254037844384,-0.5000000000000004
6,5,1.987874348154345,126.5,5.171052015502161,7.0,21.3,3.7612001156935624,2.2,0.0,0.7818314824680298,0.6234898018587336,-1.0,-1.8369701987210297e-16
9,4,1.887069649032381,104.2,5.960231844676883,9.0,25.3,3.6888794541139363,0.9,2.1972245773362196,-0.7818314824680299,0.6234898018587334,1.2246467991473532e-16,-1.0
1,5,1.987874348154345,126.5,5.171052015502161,7.0,21.0,3.7612001156935624,2.2,2.1162555148025524,0.7818314824680298,0.6234898018587336,-1.0,-1.8369701987210297e-16
3,4,2.0412203288596387,96.7,4.719391330078114,11.4,20.6,4.02535169073515,5.4,3.2422016501716975,-2.4492935982947064e-16,1.0,-1.0,-1.8369701987210297e-16
2,4,1.7578579175523732,105.8,4.6491870714048655,9.9,16.0,3.828641396489095,1.8,0.0,-2.4492935982947064e-16,1.0,-1.0,-1.8369701987210297e-16
8,3,2.302585092994046,96.2,6.451417840500216,4.7,14.3,4.382026634673881,4.0,1.0784095813505903,0.7818314824680298,0.6234898018587336,0.5000000000000003,-0.8660254037844385
1,5,1.5475625087160134,149.3,4.897839799950911,8.1,27.8,3.332204510175204,3.1,4.566221435849517,-2.4492935982947064e-16,1.0,-1.0,-1.8369701987210297e-16
7,4,1.887069649032381,104.2,5.960231844676883,9.0,24.3,3.4339872044851463,1.8,0.0,-0.7818314824680299,0.6234898018587334,1.2246467991473532e-16,-1.0
8,6,2.240709689275959,147.3,5.513831890697755,9.0,14.4,4.204692619390966,5.4,1.8293763327993617,0.9749279121818236,-0.22252093395631434,-0.8660254037844384,-0.5000000000000004
4,3,1.6094379124341003,114.4,5.712411801354255,9.5,30.2,3.1354942159291497,4.9,0.0,0.9749279121818236,-0.22252093395631434,1.2246467991473532e-16,-1.0
8,6,1.0986122886681096,131.7,5.648269764725942,10.4,20.7,3.828641396489095,2.2,1.2669476034873244,0.9749279121818236,-0.22252093395631434,-0.8660254037844384,-0.5000000000000004
4,4,1.2237754316221174,108.3,5.372960909543803,17.0,16.6,4.007333185232471,5.4,0.0,0.9749279121818236,-0.22252093395631434,-0.8660254037844384,-0.5000000000000004
5,4,1.6863989535702297,119.0,4.370712874773608,7.5,21.6,3.367295829986474,6.3,1.6882490928583902,0.9749279121818236,-0.22252093395631434,-1.0,-1.8369701987210297e-16
4,3,1.648658625587382,103.8,6.302435808787712,10.8,26.4,3.58351893845611,2.7,2.4051416813191375,0.9749279121818236,-0.22252093395631434,0.5000000000000003,-0.8660254037844385
3,4,1.887069649032381,248.4,4.689511334421843,6.3,16.8,4.04305126783455,3.1,0.0,0.9749279121818236,-0.22252093395631434,-0.8660254037844384,-0.5000000000000004
2,4,1.808288771179267,111.2,5.339939041238856,9.6,20.5,3.58351893845611,4.0,0.9707789171582247,0.43388373911755823,-0.900968867902419,-0.8660254037844384,-0.5000000000000004
8,6,1.6292405397302818,157.3,5.277604324950495,13.5,28.7,3.367295829986474,2.7,0.0,0.43388373911755823,-0.900968867902419,-0.8660254037844384,-0.5000000000000004
6,5,2.4069451083182893,291.3,0.6931471805599453,4.0,17.0,4.219507705176107,4.9,1.599387576580599,-0.7818314824680299,0.6234898018587334,-1.0,-1.8369701987210297e-16
5,6,1.987874348154345,126.5,5.171052015502161,7.0,14.7,4.2626798770413155,3.6,0.0,0.7818314824680298,0.6234898018587336,-1.0,-1.8369701987210297e-16
1,4,1.791759469228055,102.3,4.7104306966455844,8.4,24.2,3.332204510175204,3.1,0.0,-0.7818314824680299,0.6234898018587334,-1.0,-1.8369701987210297e-16
1,3,1.808288771179267,178.0,5.550242719287699,9.6,23.3,3.713572066704308,4.0,1.9960599327407849,-0.7818314824680299,0.6234898018587334,-0.8660254037844384,-0.5000000000000004
3,4,1.808288771179267,99.0,4.76473475565943,9.6,17.4,4.060443010546419,4.5,0.0,-0.9749279121818236,-0.2225209339563146,-1.0,-1.8369701987210297e-16
3,4,2.5494451709255714,25.4,6.240080894395223,2.6,4.6,3.091042453358316,8.5,2.462149662665384,0.7818314824680298,0.6234898018587336,-2.4492935982947064e-16,1.0
4,4,2.0794415416798357,96.9,5.473949935191195,8.9,18.4,3.7612001156935624,6.7,0.0,-0.7818314824680299,0.6234898018587334,-0.8660254037844384,-0.5000000000000004
2,4,1.5686159179138446,145.4,4.950177325059142,8.1,28.6,3.332204510175204,2.2,0.9593502213346021,-0.7818314824680299,0.6234898018587334,-1.0,-1.8369701987210297e-16
2,2,1.5475625087160134,139.4,5.592478405097527,20.3,22.9,3.4657359027997265,7.2,2.800325477211381,-0.7818314824680299,0.6234898018587334,-0.8660254037844384,-0.5000000000000004
6,5,1.6292405397302818,157.3,5.277604324950495,13.5,22.1,3.6375861597263857,3.6,0.1906203596086497,0.43388373911755823,-0.900968867902419,-0.8660254037844384,-0.5000000000000004
1,2,1.9169226121820606,142.4,5.565286397402276,10.6,19.5,3.6888794541139363,6.3,0.0,-2.4492935982947064e-16,1.0,-0.8660254037844384,-0.5000000000000004
1,2,1.97408102602201,166.9,4.700480365792417,7.1,18.5,4.304065093204169,8.5,0.0,-0.9749279121818236,-0.2225209339563146,-0.8660254037844384,-0.5000000000000004
6,3,2.0281482472922865,35.4,5.2652775124698366,6.7,21.7,3.2188758248682006,4.5,0.0,0.9749279121818236,-0.22252093395631434,-0.866025403784439,0.49999999999999933
1,4,1.808288771179267,87.7,4.952299717083292,9.5,18.1,4.007333185232471,3.1,1.1410330045520618,0.7818314824680298,0.6234898018587336,-1.0,-1.8369701987210297e-16
8,6,1.5040773967762742,80.9,5.178407069875479,17.9,23.7,3.258096538021482,4.5,0.7514160886839212,0.9749279121818236,-0.22252093395631434,-1.0,-1.8369701987210297e-16
6,5,1.722766597741105,115.4,4.448516375942715,8.8,24.3,3.332204510175204,4.9,0.0,0.43388373911755823,-0.900968867902419,-1.0,-1.8369701987210297e-16
4,4,2.5095992623783716,19.5,6.6912148788015,2.8,13.7,3.784189633918261,5.8,0.0,-0.9749279121818236,-0.2225209339563146,1.0,6.123233995736766e-17
7,4,1.8405496333974867,109.2,5.694068782468562,8.0,21.4,3.6635616461296463,2.7,0.924258901523332,0.9749279121818236,-0.22252093395631434,-0.8660254037844384,-0.5000000000000004
2,4,1.887069649032381,112.4,5.668500660511562,8.9,21.4,3.7612001156935624,3.1,1.6582280766035324,-0.9749279121818236,-0.2225209339563146,-0.8660254037844384,-0.5000000000000004
9,9,2.5176964726109916,48.3,6.308462673893816,3.9,18.0,3.7612001156935624,2.7,0.3074846997479606,0.9749279121818236,-0.22252093395631434,1.2246467991473532e-16,-1.0
3,4,2.6602595372658615,8.0,6.724313094519479,2.6,12.7,3.8918202981106265,1.8,0.0,-0.7818314824680299,0.6234898018587334,0.8660254037844386,0.5000000000000001
9,4,2.0412203288596387,61.1,6.413458957167357,9.4,24.5,3.9318256327243257,3.1,4.267176792994939,-0.7818314824680299,0.6234898018587334,0.5000000000000003,-0.8660254037844385
5,5,1.987874348154345,18.9,6.723832440821209,8.0,11.6,3.8918202981106265,5.4,0.0,0.9749279121818236,-0.22252093395631434,1.0,6.123233995736766e-17
4,3,1.722766597741105,46.5,5.14049328135447,8.8,13.8,3.9318256327243257,2.7,0.0,-2.4492935982947064e-16,1.0,-0.866025403784439,0.49999999999999933
9,9,2.091864061678394,68.6,6.229299647165181,7.2,24.8,3.4011973816621555,2.2,0.8586616190375187,-2.4492935982947064e-16,1.0,1.2246467991473532e-16,-1.0
2,4,1.791759469228055,91.6,5.883322388488279,9.6,20.7,4.2626798770413155,2.2,0.5596157879354227,0.43388373911755823,-0.900968867902419,-0.8660254037844384,-0.5000000000000004
1,2,1.2237754316221174,108.3,5.372960909543803,17.0,18.6,3.9512437185814275,4.5,0.0,0.9749279121818236,-0.22252093395631434,-0.8660254037844384,-0.5000000000000004
8,5,2.1400661634962708,90.0,5.063860055333554,4.8,17.8,4.219507705176107,2.2,1.1019400787607843,-2.4492935982947064e-16,1.0,-1.0,-1.8369701987210297e-16
5,4,1.1314021114911033,141.3,5.548297571815806,17.7,26.4,3.5553480614894135,3.6,2.856470206220483,0.9749279121818236,-0.22252093395631434,-0.8660254037844384,-0.5000000000000004
2,2,1.7578579175523732,117.9,5.270946169751904,12.2,23.0,3.6375861597263857,4.5,0.0,-0.9749279121818236,-0.2225209339563146,-1.0,-1.8369701987210297e-16
6,5,3.8022081394209395,71.0,6.443813241114997,0.4,10.6,4.51085950651685,2.7,0.0,-0.7818314824680299,0.6234898018587334,0.5000000000000003,-0.8660254037844385
2,5,2.0668627594729765,290.0,1.9878743481543548,7.4,16.2,4.07753744390572,3.6,2.3942522815198695,-0.9749279121818236,-0.2225209339563146,-1.0,-1.8369701987210297e-16
7,4,2.104134154270208,41.5,5.19295685089021,8.7,11.3,4.110873864173311,5.4,0.0,-0.9749279121818236,-0.2225209339563146,-0.866025403784439,0.49999999999999933
4,5,1.97408102602201,276.3,3.624340932976365,7.1,13.8,4.356708826689592,7.6,0.0,-2.4492935982947064e-16,1.0,-1.0,-1.8369701987210297e-16
7,3,2.0281482472922865,43.7,5.168777995193052,6.7,17.8,3.332204510175204,4.0,0.0,-0.7818314824680299,0.6234898018587334,-0.866025403784439,0.49999999999999933
4,5,1.9169226121820606,30.7,6.6698787280658625,7.5,18.2,3.4011973816621555,3.1,0.0,0.9749279121818236,-0.22252093395631434,1.0,6.123233995736766e-17
7,4,1.8718021769015913,48.5,5.1149953094204985,11.1,16.8,3.828641396489095,4.5,2.057962510002712,0.7818314824680298,0.6234898018587336,-0.866025403784439,0.49999999999999933
4,6,2.6026896854443837,26.7,6.234410725718371,4.1,2.2,4.0943445622221,4.9,2.329227023940467,-0.9749279121818236,-0.2225209339563146,-2.4492935982947064e-16,1.0
2,5,1.887069649032381,104.2,5.960231844676883,9.0,18.7,3.9889840465642745,1.8,0.0,-0.7818314824680299,0.6234898018587334,1.2246467991473532e-16,-1.0
7,4,1.5475625087160134,139.4,5.592478405097527,20.3,23.7,3.4965075614664802,5.8,0.0,-0.7818314824680299,0.6234898018587334,-0.8660254037844384,-0.5000000000000004
2,2,2.0794415416798357,99.6,5.444147814759576,6.3,20.8,3.5263605246161616,2.7,0.0,-2.4492935982947064e-16,1.0,-0.8660254037844384,-0.5000000000000004
2,4,1.5260563034950512,97.9,5.770194240175453,14.4,28.3,3.4965075614664802,4.0,2.2874714551839976,0.7818314824680298,0.6234898018587336,-0.8660254037844384,-0.5000000000000004
4,5,1.6677068205580756,137.0,5.051137237405586,9.2,22.1,3.5553480614894135,1.8,2.745345985845907,0.9749279121818236,-0.22252093395631434,-1.0,-1.8369701987210297e-16
4,3,1.808288771179267,111.2,5.339939041238856,9.6,20.4,3.7612001156935624,4.9,0.0,0.43388373911755823,-0.900968867902419,-0.8660254037844384,-0.5000000000000004
8,6,1.7749523509116747,85.3,5.925858790009988,14.7,22.2,3.4011973816621555,5.4,0.0,-2.4492935982947064e-16,1.0,-0.8660254037844384,-0.5000000000000004
3,5,1.5475625087160134,149.3,4.897839799950911,8.1,17.2,3.784189633918261,3.1,0.0,-0.9749279121818236,-0.2225209339563146,-1.0,-1.8369701987210297e-16
5,4,2.240709689275959,147.3,5.513831890697755,9.0,17.3,3.784189633918261,4.5,0.0,0.9749279121818236,-0.22252093395631434,-0.8660254037844384,-0.5000000000000004
1,2,2.0149030205422647,80.9,6.203142620312914,16.8,14.8,4.3694478524670215,8.0,0.0,-0.9749279121818236,-0.2225209339563146,1.2246467991473532e-16,-1.0
6,5,1.9459101490553132,48.3,6.639614361737191,12.5,14.6,3.295836866004329,9.4,1.2612978709452054,-0.9749279121818236,-0.2225209339563146,1.0,6.123233995736766e-17
9,6,1.887069649032381,248.4,4.689511334421843,6.3,20.5,4.07753744390572,2.7,3.7812307151781224,0.9749279121818236,-0.22252093395631434,-0.8660254037844384,-0.5000000000000004
8,6,2.1860512767380946,51.3,6.633844610614274,9.6,11.5,3.6888794541139363,5.8,2.102913897864978,-2.4492935982947064e-16,1.0,1.0,6.123233995736766e-17
8,6,1.808288771179267,207.0,5.247024072160486,8.2,21.1,4.007333185232471,2.2,0.0,0.7818314824680298,0.6234898018587336,-0.8660254037844384,-0.5000000000000004
4,4,1.6677068205580756,133.3,5.093750200806762,9.2,26.4,3.091042453358316,4.5,4.494126887194767,0.43388373911755823,-0.900968867902419,-1.0,-1.8369701987210297e-16
6,3,2.0281482472922865,50.1,6.63620898843976,7.8,15.2,3.4657359027997265,8.5,1.0784095813505903,-0.7818314824680299,0.6234898018587334,1.0,6.123233995736766e-17
2,2,2.1860512767380946,51.3,6.633844610614274,9.6,5.5,4.0943445622221,6.3,0.0,-2.4492935982947064e-16,1.0,1.0,6.123233995736766e-17
8,6,1.5040773967762742,231.1,4.993828175779875,8.4,18.9,4.174387269895637,4.9,1.463255402256019,-0.7818314824680299,0.6234898018587334,-0.8660254037844384,-0.5000000000000004
4,5,1.8245492920510462,203.2,5.288771953704505,8.1,10.4,4.330733340286331,0.9,0.0,-2.4492935982947064e-16,1.0,-0.8660254037844384,-0.5000000000000004
1,4,1.97408102602201,129.5,5.135798437050262,7.0,21.7,3.6635616461296463,2.2,0.3576744442718159,0.9749279121818236,-0.22252093395631434,-1.0,-1.8369701987210297e-16
7,4,2.302585092994046,55.2,4.8698394841308,11.6,15.2,4.174387269895637,3.1,0.41871033485818504,-0.9749279121818236,-0.2225209339563146,-1.0,-1.8369701987210297e-16
6,4,1.2237754316221174,227.0,5.049214776063731,12.0,23.3,3.5553480614894135,3.1,3.392492941032009,-0.9749279121818236,-0.2225209339563146,-0.8660254037844384,-0.5000000000000004
8,6,1.9021075263969207,145.4,5.538907831465967,10.7,8.0,4.465908118654584,2.2,0.0,0.7818314824680298,0.6234898018587336,-0.8660254037844384,-0.5000000000000004
5,5,1.8718021769015913,35.8,6.661598953358855,7.8,15.1,3.332204510175204,5.4,0.0,-0.7818314824680299,0.6234898018587334,1.0,6.123233995736766e-17
6,5,1.791759469228055,102.3,4.7104306966455844,8.4,21.2,3.4965075614664802,2.2,0.0,-0.7818314824680299,0.6234898018587334,-1.0,-1.8369701987210297e-16
2,4,1.5686159179138446,15.0,6.729824070489475,11.4,15.2,2.995732273553991,7.6,0.0,0.9749279121818236,-0.22252093395631434,1.0,6.123233995736766e-17
6,4,1.97408102602201,129.5,5.135798437050262,7.0,18.3,3.713572066704308,2.7,0.0,0.9749279121818236,-0.22252093395631434,-1.0,-1.8369701987210297e-16
9,9,1.6094379124341003,114.4,5.712411801354255,9.5,30.2,3.258096538021482,4.5,1.3217558399823195,0.9749279121818236,-0.22252093395631434,1.2246467991473532e-16,-1.0
7,4,1.3609765531356022,85.1,5.137561587668643,15.9,20.1,3.8712010109078907,4.9,3.3006401266708405,-0.9749279121818236,-0.2225209339563146,-1.0,-1.8369701987210297e-16
8,6,1.887069649032381,108.4,4.59107126160859,6.2,22.7,3.58351893845611,2.2,2.1377104498038118,0.7818314824680298,0.6234898018587336,-1.0,-1.8369701987210297e-16
6,3,2.0668627594729765,80.7,4.885827643502908,6.3,18.2,4.143134726391533,4.5,0.0,0.9749279121818236,-0.22252093395631434,-1.0,-1.8369701987210297e-16
5,6,1.887069649032381,181.3,5.519859636495273,7.6,24.3,3.5263605246161616,3.6,1.5325568680981427,-2.4492935982947064e-16,1.0,-0.8660254037844384,-0.5000000000000004
8,6,2.1860512767380946,51.3,6.633844610614274,9.6,11.4,4.605170185988092,1.8,0.0,-2.4492935982947064e-16,1.0,1.0,6.123233995736766e-17
5,4,2.091864061678394,39.7,6.654152520183219,6.2,13.2,3.713572066704308,5.4,0.6678293725756554,0.7818314824680298,0.6234898018587336,1.0,6.123233995736766e-17
2,2,1.5040773967762742,231.1,4.993828175779875,8.4,21.9,3.7612001156935624,2.2,5.168379509433644,-0.7818314824680299,0.6234898018587334,-0.8660254037844384,-0.5000000000000004
4,4,2.928523523860541,60.6,6.206374293495088,1.5,23.3,3.6375861597263857,3.1,0.0,0.9749279121818236,-0.22252093395631434,1.2246467991473532e-16,-1.0
8,4,1.887069649032381,273.8,3.7727609380946383,7.7,21.3,3.8066624897703196,4.5,2.578700529074361,-0.7818314824680299,0.6234898018587334,-0.8660254037844384,-0.5000000000000004
1,4,1.7749523509116747,96.2,6.021993752142805,12.1,23.4,3.4657359027997265,5.4,0.0,0.9749279121818236,-0.22252093395631434,1.2246467991473532e-16,-1.0
6,5,2.054123733695546,93.3,6.335940383589716,7.5,19.1,3.6888794541139363,5.4,1.5085119938441398,0.7818314824680298,0.6234898018587336,0.5000000000000003,-0.8660254037844385
2,5,1.987874348154345,126.5,5.171052015502161,7.0,21.9,3.6888794541139363,1.8,0.3852624007906449,0.7818314824680298,0.6234898018587336,-1.0,-1.8369701987210297e-16
2,2,1.2237754316221174,108.3,5.372960909543803,17.0,17.4,3.784189633918261,6.7,0.7275486072772778,0.9749279121818236,-0.22252093395631434,-0.8660254037844384,-0.5000000000000004
1,2,1.6677068205580756,137.0,5.051137237405586,9.2,22.4,3.5553480614894135,2.2,0.0,0.9749279121818236,-0.22252093395631434,-1.0,-1.8369701987210297e-16
4,3,1.8405496333974867,111.7,4.525044141508808,6.5,15.9,3.9889840465642745,2.2,1.3686394258811698,0.9749279121818236,-0.22252093395631434,-1.0,-1.8369701987210297e-16
5,6,1.3609765531356022,85.1,5.137561587668643,15.9,25.9,3.2188758248682006,4.0,0.0,0.43388373911755823,-0.900968867902419,-1.0,-1.8369701987210297e-16
6,5,2.5726122302071066,28.0,6.618471925163383,3.5,11.3,4.553876891600541,4.9,0.0,-0.7818314824680299,0.6234898018587334,0.5000000000000003,-0.8660254037844385
4,3,2.0668627594729765,290.0,1.9878743481543548,7.4,19.9,3.8066624897703196,3.1,2.174751721484161,-0.9749279121818236,-0.2225209339563146,-1.0,-1.8369701987210297e-16
4,4,1.740466174840505,88.0,5.099866427824199,7.1,19.6,3.8918202981106265,2.7,0.0,-0.7818314824680299,0.6234898018587334,-1.0,-1.8369701987210297e-16
4,6,2.610069792742007,26.4,6.235586504807383,2.0,5.1,4.127134385045092,4.9,1.8531680973566984,0.9749279121818236,-0.22252093395631434,-2.4492935982947064e-16,1.0
5,6,2.0281482472922865,50.1,6.63620898843976,7.8,15.1,4.174387269895637,4.0,2.7073833121145063,-0.7818314824680299,0.6234898018587334,1.0,6.123233995736766e-17
3,4,1.8562979903656271,175.1,5.0869788606835895,13.8,26.8,3.6635616461296463,6.3,0.5653138090500605,-2.4492935982947064e-16,1.0,-0.8660254037844384,-0.5000000000000004
6,3,1.8718021769015913,75.6,4.971894465779826,7.8,17.7,3.6888794541139363,3.6,0.0,-2.4492935982947064e-16,1.0,-1.0,-1.8369701987210297e-16
7,5,0.7419373447293813,181.1,5.254365479018854,14.3,27.3,4.1588830833596715,4.9,2.469793011977952,0.9749279121818236,-0.22252093395631434,-0.8660254037844384,-0.5000000000000004
6,4,2.1972245773362196,27.9,6.67430883467203,6.3,15.9,3.58351893845611,4.0,0.0,0.43388373911755823,-0.900968867902419,1.0,6.123233995736766e-17
4,4,2.3978952727983707,23.9,6.681983276314235,4.1,11.8,3.58351893845611,1.8,0.0,0.7818314824680298,0.6234898018587336,1.0,6.123233995736766e-17
1,4,2.0412203288596387,196.8,5.3598827222061916,16.3,11.8,4.48863636973214,4.9,2.3711778844596574,-0.9749279121818236,-0.2225209339563146,-0.8660254037844384,-0.5000000000000004
8,6,1.808288771179267,207.0,5.247024072160486,8.2,26.8,3.58351893845611,1.3,0.43178241642553783,0.7818314824680298,0.6234898018587336,-0.8660254037844384,-0.5000000000000004
8,6,1.9169226121820606,142.4,5.565286397402276,10.6,19.6,3.7376696182833684,5.8,5.285637313390662,-2.4492935982947064e-16,1.0,-0.8660254037844384,-0.5000000000000004
3,4,1.8718021769015913,35.8,6.661598953358855,7.8,11.6,3.4339872044851463,6.3,0.0,-0.7818314824680299,0.6234898018587334,1.0,6.123233995736766e-17
6,5,2.6461747973841234,4.6,6.704291798434754,2.2,5.3,4.23410650459726,1.8,0.0,0.7818314824680298,0.6234898018587336,0.8660254037844386,0.5000000000000001
4,3,1.3862943611198906,117.2,5.640132447579745,11.0,21.4,3.8066624897703196,2.7,0.5187937934151676,-0.7818314824680299,0.6234898018587334,-0.8660254037844384,-0.5000000000000004
8,6,1.7749523509116747,88.8,6.044294160752514,8.5,17.1,4.219507705176107,3.6,2.0241930674493576,0.9749279121818236,-0.22252093395631434,1.2246467991473532e-16,-1.0
5,4,1.3609765531356022,85.1,5.137561587668643,15.9,20.1,3.8712010109078907,4.9,0.9001613499442714,-0.9749279121818236,-0.2225209339563146,-1.0,-1.8369701987210297e-16
7,5,1.5040773967762742,231.1,4.993828175779875,8.4,26.4,3.5263605246161616,3.6,0.0,-0.7818314824680299,0.6234898018587334,-0.8660254037844384,-0.5000000000000004
2,2,1.2809338454620667,212.1,5.202356975402126,9.5,27.9,3.332204510175204,2.2,0.0,0.9749279121818236,-0.22252093395631434,-0.8660254037844384,-0.5000000000000004
3,4,1.648658625587382,75.3,5.981414211254481,7.7,19.6,3.6109179126442243,3.1,0.0,0.9749279121818236,-0.22252093395631434,-0.8660254037844384,-0.5000000000000004
4,4,1.8718021769015913,35.8,6.661598953358855,7.8,17.0,3.332204510175204,4.9,3.389799336709786,-0.7818314824680299,0.6234898018587334,1.0,6.123233995736766e-17
6,3,1.5475625087160134,149.3,4.897839799950911,8.1,22.8,3.6888794541139363,3.6,0.0,-2.4492935982947064e-16,1.0,-1.0,-1.8369701987210297e-16
2,5,1.458615022699516,135.7,5.62003848122324,15.1,23.5,3.6109179126442243,5.4,2.3997118037247684,-0.9749279121818236,-0.2225209339563146,-0.8660254037844384,-0.5000000000000004
2,2,2.1860512767380946,51.3,6.633844610614274,9.6,11.5,3.6888794541139363,5.8,0.0,-2.4492935982947064e-16,1.0,1.0,6.123233995736766e-17
6,5,2.0794415416798357,96.9,5.473949935191195,8.9,14.7,4.0943445622221,5.8,0.0,-0.7818314824680299,0.6234898018587334,-0.8660254037844384,-0.5000000000000004
7,4,1.7578579175523732,105.8,4.6491870714048655,9.9,25.3,3.332204510175204,2.7,0.0,-2.4492935982947064e-16,1.0,-1.0,-1.8369701987210297e-16
5,4,1.5260563034950512,235.1,4.93806460126142,10.1,24.1,3.9318256327243257,4.0,0.0,-2.4492935982947064e-16,1.0,-0.8660254037844384,-0.5000000000000004
1,3,1.9459101490553132,94.3,4.772378104971998,8.4,22.3,3.8918202981106265,4.0,0.5423242908253616,-0.7818314824680299,0.6234898018587334,-1.0,-1.8369701987210297e-16
8,6,1.2237754316221174,222.4,5.099866427824199,13.9,23.9,3.6635616461296463,6.7,0.0,0.9749279121818236,-0.22252093395631434,-0.8660254037844384,-0.5000000000000004
6,5,1.740466174840505,121.1,5.23750522715128,8.6,25.1,3.332204510175204,4.0,6.995619625423205,-0.7818314824680299,0.6234898018587334,-1.0,-1.8369701987210297e-16
7,4,1.887069649032381,104.2,5.960231844676883,9.0,24.2,3.4965075614664802,1.8,0.0,-0.7818314824680299,0.6234898018587334,1.2246467991473532e-16,-1.0
4,5,1.9600947840472709,132.3,3.9219733362813143,12.5,15.9,3.6635616461296463,5.4,1.0116009116784799,0.9749279121818236,-0.22252093395631434,-1.0,-1.8369701987210297e-16
3,4,1.7578579175523732,124.1,5.203457085524076,8.5,22.5,3.7612001156935624,5.4,0.0,-2.4492935982947064e-16,1.0,-1.0,-1.8369701987210297e-16
6,5,1.740466174840505,122.0,4.289088639014612,10.2,18.4,3.7612001156935624,2.2,0.7371640659767197,-0.9749279121818236,-0.2225209339563146,-1.0,-1.8369701987210297e-16
4,3,2.3608540011180223,52.2,6.631738238060859,5.0,11.0,3.8501476017100584,5.8,3.6336309798834576,0.7818314824680298,0.6234898018587336,1.0,6.123233995736766e-17
6,5,1.740466174840505,56.4,6.062155975230515,7.1,23.2,3.6888794541139363,5.4,0.7839015438284094,-0.9749279121818236,-0.2225209339563146,0.5000000000000003,-0.8660254037844385
3,4,2.091864061678394,39.7,6.654152520183219,6.2,10.6,3.4339872044851463,4.0,0.0,0.7818314824680298,0.6234898018587336,1.0,6.123233995736766e-17
7,5,2.4849066497880004,26.2,6.64418028187359,5.1,8.2,3.9512437185814275,6.7,0.0,-0.9749279121818236,-0.2225209339563146,1.0,6.123233995736766e-17
4,4,2.5494451709255714,25.4,6.240080894395223,2.6,4.6,3.091042453358316,8.5,3.136797713832594,0.7818314824680298,0.6234898018587336,-2.4492935982947064e-16,1.0
5,4,1.2237754316221174,222.4,5.099866427824199,13.9,20.3,3.7612001156935624,2.7,0.0,0.9749279121818236,-0.22252093395631434,-0.8660254037844384,-0.5000000000000004
3,4,1.8405496333974867,133.6,5.835103091983559,8.0,14.2,4.07753744390572,4.0,0.0,0.43388373911755823,-0.900968867902419,1.2246467991473532e-16,-1.0
7,4,1.887069649032381,273.8,3.7727609380946383,7.7,15.5,4.290459441148391,8.0,1.0784095813505903,-0.7818314824680299,0.6234898018587334,-0.8660254037844384,-0.5000000000000004
1,3,0.8329091229351028,158.0,5.43372200355424,11.3,32.4,3.332204510175204,2.2,0.0,-0.9749279121818236,-0.2225209339563146,-0.8660254037844384,-0.5000000000000004
6,3,1.9021075263969207,130.1,4.0163830207523885,7.5,12.2,4.204692619390966,4.9,1.9600947840472698,0.7818314824680298,0.6234898018587336,-1.0,-1.8369701987210297e-16
7,4,1.808288771179267,99.0,4.76473475565943,9.6,19.8,3.8712010109078907,2.7,1.000631880307906,-0.9749279121818236,-0.2225209339563146,-1.0,-1.8369701987210297e-16
4,5,2.1747517214841605,266.2,4.082609306003681,5.6,17.4,4.007333185232471,3.1,0.0,0.9749279121818236,-0.22252093395631434,-0.8660254037844384,-0.5000000000000004
2,4,1.8562979903656271,175.1,5.0869788606835895,13.8,22.4,4.007333185232471,7.6,1.3532545070416904,-2.4492935982947064e-16,1.0,-0.8660254037844384,-0.5000000000000004
2,2,1.7578579175523732,117.9,5.270946169751904,12.2,19.6,3.5263605246161616,6.3,0.0,-0.9749279121818236,-0.2225209339563146,-1.0,-1.8369701987210297e-16
5,4,1.5040773967762742,101.3,6.000919705878737,11.9,19.3,3.6888794541139363,7.2,2.166765369851511,0.43388373911755823,-0.900968867902419,1.2246467991473532e-16,-1.0
7,4,1.987874348154345,126.5,5.171052015502161,7.0,19.4,3.8918202981106265,1.3,0.0,0.7818314824680298,0.6234898018587336,-1.0,-1.8369701987210297e-16
2,4,1.3083328196501796,139.4,5.156177599386914,20.0,29.2,3.4339872044851463,4.9,1.0818051703517284,0.43388373911755823,-0.900968867902419,-0.8660254037844384,-0.5000000000000004
6,3,1.5686159179138446,145.4,4.950177325059142,8.1,30.2,3.2188758248682006,2.7,0.0,-0.7818314824680299,0.6234898018587334,-1.0,-1.8369701987210297e-16
6,5,0.7884573603642715,127.1,5.677096209393695,16.5,23.4,3.5263605246161616,4.5,1.2556160374777745,0.43388373911755823,-0.900968867902419,-0.8660254037844384,-0.5000000000000004
7,4,2.6026896854443837,9.5,6.689972333910023,4.1,7.5,4.276666119016055,6.3,2.3942522815198695,0.7818314824680298,0.6234898018587336,0.8660254037844386,0.5000000000000001
4,4,0.8754687373539023,152.0,5.474369310328396,13.8,32.4,3.091042453358316,4.5,0.0,0.9749279121818236,-0.22252093395631434,-0.8660254037844384,-0.5000000000000004
6,5,1.97408102602201,166.9,4.700480365792417,7.1,18.2,4.143134726391533,5.4,0.3576744442718159,-0.9749279121818236,-0.2225209339563146,-0.8660254037844384,-0.5000000000000004
3,4,2.091864061678394,51.2,6.083359811812238,6.2,24.6,3.784189633918261,1.8,0.8878912573524571,-0.7818314824680299,0.6234898018587334,1.2246467991473532e-16,-1.0
8,6,1.458615022699516,135.7,5.62003848122324,15.1,20.8,3.5553480614894135,4.9,2.0744289998562917,-0.9749279121818236,-0.2225209339563146,-0.8660254037844384,-0.5000000000000004
2,4,1.2237754316221174,108.3,5.372960909543803,17.0,20.1,3.713572066704308,4.0,0.0,0.9749279121818236,-0.22252093395631434,-0.8660254037844384,-0.5000000000000004
2,5,1.97408102602201,129.5,5.135798437050262,7.0,17.6,3.8501476017100584,3.1,2.084429083190875,0.9749279121818236,-0.22252093395631434,-1.0,-1.8369701987210297e-16
4,3,1.5040773967762742,101.3,6.084954890195321,14.7,26.1,3.828641396489095,4.0,2.1234584270966104,-2.4492935982947064e-16,1.0,1.2246467991473532e-16,-1.0
6,5,1.9459101490553132,48.3,6.639614361737191,12.5,11.7,3.5263605246161616,4.0,2.231089091288976,-0.9749279121818236,-0.2225209339563146,1.0,6.123233995736766e-17
6,5,1.808288771179267,111.2,5.339939041238856,9.6,16.6,3.8712010109078907,0.9,1.1908875647772805,0.43388373911755823,-0.900968867902419,-0.8660254037844384,-0.5000000000000004
8,6,1.9600947840472709,91.3,4.824305715904762,7.2,20.7,3.8501476017100584,2.7,3.4397768636296306,-0.9749279121818236,-0.2225209339563146,-1.0,-1.8369701987210297e-16
7,4,1.887069649032381,104.2,5.960231844676883,9.0,22.1,3.912023005428146,2.7,0.0,-0.7818314824680299,0.6234898018587334,1.2246467991473532e-16,-1.0
8,6,1.8718021769015913,35.8,6.661598953358855,7.8,17.4,3.2188758248682006,5.4,0.0,-0.9749279121818236,-0.2225209339563146,1.0,6.123233995736766e-17
7,4,2.1972245773362196,103.9,6.066108090103747,6.4,22.6,4.060443010546419,4.9,5.633109621361155,0.7818314824680298,0.6234898018587336,1.2246467991473532e-16,-1.0
6,5,1.6863989535702297,119.0,4.370712874773608,7.5,16.8,3.367295829986474,4.0,0.6981347220709844,0.9749279121818236,-0.22252093395631434,-1.0,-1.8369701987210297e-16
2,5,1.5040773967762742,231.1,4.993828175779875,8.4,23.6,3.9889840465642745,4.0,2.005525858729668,-0.7818314824680299,0.6234898018587334,-0.8660254037844384,-0.5000000000000004
5,4,1.8562979903656271,175.1,5.0869788606835895,13.8,25.7,3.6888794541139363,5.4,0.08617769624105233,-2.4492935982947064e-16,1.0,-0.8660254037844384,-0.5000000000000004
6,5,1.0986122886681096,131.7,5.648269764725942,10.4,27.4,3.1354942159291497,4.0,0.6418538861723948,0.9749279121818236,-0.22252093395631434,-0.8660254037844384,-0.5000000000000004
7,4,2.610069792742007,3.2,6.70808408385307,3.3,8.2,3.9889840465642745,9.4,1.7263316639055997,-0.9749279121818236,-0.2225209339563146,0.8660254037844386,0.5000000000000001
4,4,2.5494451709255714,25.4,6.240080894395223,2.6,4.6,3.091042453358316,8.5,2.3767644911682972,0.7818314824680298,0.6234898018587336,-2.4492935982947064e-16,1.0
4,5,2.2617630984737915,91.8,5.028475212224587,7.1,17.4,4.04305126783455,5.4,0.0,0.7818314824680298,0.6234898018587336,-1.0,-1.8369701987210297e-16
5,4,1.1314021114911033,141.3,5.548297571815806,17.7,24.1,3.784189633918261,6.3,1.0986122886681096,0.9749279121818236,-0.22252093395631434,-0.8660254037844384,-0.5000000000000004
2,4,1.1631508098056818,135.5,5.584623492819887,21.3,30.6,3.367295829986474,3.6,1.1216775615991057,0.7818314824680298,0.6234898018587336,-0.8660254037844384,-0.5000000000000004
3,4,2.6246685921631587,73.4,5.250701512606374,3.2,17.9,3.828641396489095,3.1,0.0,0.9749279121818236,-0.22252093395631434,-1.0,-1.8369701987210297e-16
4,4,1.808288771179267,152.6,5.320078858329549,14.3,19.1,3.9889840465642745,2.7,1.6863989535702286,0.9749279121818236,-0.22252093395631434,-0.8660254037844384,-0.5000000000000004
7,5,1.8718021769015913,48.5,5.1149953094204985,11.1,16.1,3.8066624897703196,4.0,3.9193957597575593,0.7818314824680298,0.6234898018587336,-0.866025403784439,0.49999999999999933
2,5,2.3702437414678608,77.0,5.122772794033106,5.0,22.3,3.8501476017100584,4.0,0.0,0.9749279121818236,-0.22252093395631434,-0.8660254037844384,-0.5000000000000004
